dataset,split,p,baseline_h1,baseline_h10,baseline_mrr,ours_h1,ours_h10,ours_mrr
FBDB15K,norm,0.0,0.42677824267782427,0.7264765982290552,0.5296848210568843,0.5059842366449353,0.7660795952126107,0.5960868719164144
FBDB15K,norm,0.4,0.27167461321397296,0.48603678116181764,0.34724856568298357,0.37890434951834195,0.6506762673932082,0.4701441727741432
FBDB15K,norm,0.8,0.1096623528267004,0.23635302130972075,0.15611446968340587,0.2236061107327041,0.48632869514449745,0.30994612629620594
