dataset,split,p,baseline_h1,baseline_h10,baseline_mrr,ours_h1,ours_h10,ours_mrr
FBDB15K,norm,0.0,0.42677824267782427,0.7264765982290552,0.5296848210750486,0.5563880509876423,0.7900165417923518,0.6369094659705565
FBDB15K,norm,0.4,0.27167461321397296,0.48603678116181764,0.34724856568298357,0.40634426389024036,0.669942590250073,0.49537185064870287
FBDB15K,norm,0.8,0.1096623528267004,0.23635302130972075,0.15611447244332752,0.23878563783205214,0.490707404884694,0.3231388143385483
