dataset,split,p,baseline_h1,baseline_h10,baseline_mrr,ours_h1,ours_h10,ours_mrr
FBYG15K,norm,0.0,0.3064732142857143,0.5776785714285714,0.39825883638592807,0.44888392857142856,0.6597098214285714,0.5218948838350198
FBYG15K,norm,0.4,0.20613839285714286,0.39676339285714285,0.27144762546404716,0.35948660714285713,0.5772321428571429,0.43434283635291104
FBYG15K,norm,0.8,0.09776785714285714,0.21372767857142858,0.140073184798271,0.24676339285714285,0.45703125,0.31851289779850883
