dataset,split,p,baseline_h1,baseline_h10,baseline_mrr,ours_h1,ours_h10,ours_mrr
DBP15K,zh_en,0.0,0.8175238095238095,0.9679047619047619,0.8728686628510501,0.8930476190476191,0.9809523809523809,0.926143109172317
DBP15K,zh_en,0.4,0.6892380952380952,0.8835238095238095,0.756972702177514,0.8513333333333334,0.9713333333333334,0.8956004750223205
DBP15K,zh_en,0.8,0.5460952380952381,0.7864761904761904,0.6270136969583796,0.7779047619047619,0.9477142857142857,0.8385020423472831
