threshold_pct,n_hub,baseline_n_error,baseline_n_error_hub,baseline_hub_error_rate,ours_n_error,ours_n_error_hub,ours_hub_error_rate,reduction_abs
5,616,4810,745,0.1548856548856549,4244,525,0.12370405278039585,0.03118160210525904
10,1204,4810,1279,0.2659043659043659,4244,903,0.21277097078228085,0.053133395122085036
20,2292,4810,2097,0.43596673596673596,4244,1582,0.3727615457115928,0.06320519025514315
30,3107,4810,2601,0.5407484407484408,4244,1973,0.46489161168708765,0.0758568290613531
