threshold_pct,n_hub,baseline_n_error,baseline_n_error_hub,baseline_hub_error_rate,ours_n_error,ours_n_error_hub,ours_hub_error_rate,reduction_abs
5,552,1915,225,0.1174934725848564,1622,137,0.08446362515413071,0.03302984743072569
10,1100,1915,379,0.197911227154047,1622,259,0.1596794081381011,0.038231819015945884
20,2197,1915,668,0.3488250652741514,1622,468,0.2885326757090012,0.060292389565150206
30,3712,1915,976,0.5096605744125327,1622,739,0.4556103575832306,0.054050216829302056
