threshold_pct,n_hub,baseline_n_error,baseline_n_error_hub,baseline_hub_error_rate,ours_n_error,ours_n_error_hub,ours_hub_error_rate,reduction_abs
5,482,4905,691,0.14087665647298675,4369,489,0.11192492561226826,0.02895173086071849
10,1010,4905,1231,0.2509683995922528,4369,938,0.21469443808651864,0.03627396150573417
20,2090,4905,2151,0.43853211009174314,4369,1730,0.3959716182192721,0.04256049187247102
30,2812,4905,2651,0.5404689092762487,4369,2151,0.4923323414969101,0.04813656777933861
