dataset,split,p,baseline_h1,baseline_h10,baseline_mrr,ours_h1,ours_h10,ours_mrr
FBYG15K,norm,0.0,0.3064732142857143,0.5776785714285714,0.39825883890470803,0.40725446428571427,0.6477678571428571,0.49110617182233085
FBYG15K,norm,0.1,0.30223214285714284,0.5754464285714286,0.39483201962651215,0.4046875,0.6472098214285714,0.48863376927340574
FBYG15K,norm,0.2,0.2994419642857143,0.5712053571428571,0.3922286010092116,0.4015625,0.6408482142857143,0.4852015715070949
FBYG15K,norm,0.3,0.29408482142857145,0.5675223214285714,0.38718426989415144,0.39832589285714287,0.6391741071428572,0.4821818785827999
FBYG15K,norm,0.4,0.290625,0.56328125,0.3838908373690044,0.39375,0.6362723214285714,0.47753223941190237
FBYG15K,norm,0.5,0.2885044642857143,0.5606026785714285,0.38117568377840394,0.39174107142857145,0.63203125,0.47492444854022975
FBYG15K,norm,0.6,0.2831473214285714,0.5583705357142857,0.3769806079928116,0.38816964285714284,0.6291294642857143,0.47158035122426795
FBYG15K,norm,0.7,0.27845982142857145,0.55625,0.3726327771802249,0.38314732142857144,0.6266741071428571,0.467297491893793
FBYG15K,norm,0.8,0.2747767857142857,0.5508928571428572,0.36838458474999636,0.378125,0.6246651785714286,0.46304551178037706
