dataset,split,p,baseline_h1,baseline_h10,baseline_mrr,ours_h1,ours_h10,ours_mrr
FBDB15K,norm,0.0,0.42677824267782427,0.7264765982290552,0.5296848210750486,0.5059842366449353,0.7660795952126107,0.5960868719164144
FBDB15K,norm,0.1,0.4225941422594142,0.7260873795854822,0.526672494517785,0.5025785735136713,0.7658849858908242,0.5932261544797326
FBDB15K,norm,0.2,0.4208426583633356,0.7216113651843923,0.5243629342886558,0.501313612922059,0.7642308066556388,0.5913322910479025
FBDB15K,norm,0.3,0.41646394862313907,0.7198598812883137,0.5209553547708967,0.498297168434368,0.7641335019947455,0.5891180797467379
FBDB15K,norm,0.4,0.4151989880315267,0.7198598812883137,0.5195723687635814,0.4969349031818624,0.7645227206383186,0.5876642669577907
FBDB15K,norm,0.5,0.4107229736304369,0.7180110927313418,0.5163973874047509,0.49391845869417145,0.763160455385813,0.5850606436003253
FBDB15K,norm,0.6,0.41013914566507736,0.7158703901916902,0.5150438662824405,0.49168045149362655,0.7620901041159872,0.583168948119615
FBDB15K,norm,0.7,0.40877688041257176,0.7143135156173981,0.5129863770525962,0.4906101002238007,0.7610197528461613,0.5820649406800054
FBDB15K,norm,0.8,0.4057604359248808,0.7130485550257857,0.5108755766851206,0.487690960397003,0.7596574875936557,0.5796985934253234
