dataset,split,p,baseline_h1,baseline_h10,baseline_mrr,ours_h1,ours_h10,ours_mrr
DBP15K,zh_en,0.0,0.8175238095238095,0.9679047619047619,0.8728686628510501,0.8452380952380952,0.9737142857142858,0.8920693494091242
DBP15K,zh_en,0.1,0.8062857142857143,0.965047619047619,0.8646328252292994,0.8384761904761905,0.9716190476190476,0.8871500626668997
DBP15K,zh_en,0.2,0.7975238095238095,0.9619047619047619,0.8575357623245347,0.8348571428571429,0.9695238095238096,0.883902341126335
DBP15K,zh_en,0.3,0.7837142857142857,0.9587619047619048,0.8479424434549645,0.8235238095238095,0.9683809523809523,0.8767956336228714
DBP15K,zh_en,0.4,0.7717142857142857,0.9551428571428572,0.8388979429891444,0.8162857142857143,0.9660952380952381,0.8716698102879945
DBP15K,zh_en,0.5,0.7578095238095238,0.9517142857142857,0.8288263410354724,0.8079047619047619,0.9640952380952381,0.865809204999678
DBP15K,zh_en,0.6,0.7461904761904762,0.9485714285714286,0.8196327423575696,0.7995238095238095,0.9624761904761905,0.8600677112790739
DBP15K,zh_en,0.7,0.7327619047619047,0.9447619047619048,0.8098735230627383,0.792,0.9605714285714285,0.8545929851392386
DBP15K,zh_en,0.8,0.7186666666666667,0.9403809523809524,0.7997096553587572,0.7831428571428571,0.9588571428571429,0.8485779868115186
